module_id,event_id
3,109
3,111
3,117
3,119
3,125
3,127
3,133
3,135
3,141
3,143
3,149
3,151
3,157
3,159
3,165
3,167
4,116
4,132
4,148
4,164
5,108
5,124
5,140
5,156
6,117
6,133
6,149
6,165
7,111
7,127
7,143
7,158
8,110
8,127
8,142
8,158
9,118
9,134
9,150
9,166
10,111
10,127
10,143
10,159
11,119
11,135
11,151
11,167
12,111
12,127
12,143
12,159
13,109
13,125
13,141
13,157
14,117
14,133
14,149
14,165
15,108
15,124
15,140
15,156
16,119
16,135
16,151
16,167
17,112
17,120
17,128
17,136
17,144
17,152
17,160
17,168
18,114
18,120
18,130
18,136
18,146
18,152
18,162
18,168
19,115
19,122
19,123
19,131
19,138
19,139
19,147
19,154
19,155
19,163
19,170
19,171
20,112
20,114
20,120
20,122
20,128
20,131
20,136
20,138
20,144
20,146
20,152
20,154
20,160
20,162
20,168
20,170